City_ID,City,Country,Date,Lat,Lng,Max Temp,Humidity,Cloudiness,Wind Speed
0,Tiksi,RU,2019-11-09 22:10:37,71.64,128.87,-10.23,96,100,6.24
1,Rikitea,PF,2019-11-09 22:10:32,-23.12,-134.97,71.92,84,100,8.25
2,Kapaa,US,2019-11-09 22:14:11,22.08,-159.32,78.8,69,1,4.7
3,Bela,PK,2019-11-09 22:14:11,26.23,66.31,72.03,30,72,2.35
4,Qaanaaq,GL,2019-11-09 22:14:11,77.48,-69.36,-5.27,45,0,5.37
5,Port Elizabeth,US,2019-11-09 22:14:12,39.31,-74.98,42.8,25,40,10.29
6,Albany,US,2019-11-09 22:13:26,42.65,-73.75,37.4,37,1,9.17
7,Castro,CL,2019-11-09 22:14:12,-42.48,-73.76,57.2,71,100,8.05
8,Seddon,AU,2019-11-09 22:14:12,-37.81,144.89,57.0,81,90,14.99
9,Bredasdorp,ZA,2019-11-09 22:14:13,-34.53,20.04,63.0,72,100,16.11
10,Luwuk,ID,2019-11-09 22:14:13,-0.95,122.79,79.07,78,100,8.46
11,Poya,NC,2019-11-09 22:14:13,-21.35,165.16,73.06,67,78,6.89
12,Barrow,AR,2019-11-09 22:10:41,-38.31,-60.23,64.06,44,0,13.91
13,Gilgit,PK,2019-11-09 22:14:13,35.92,74.31,21.97,26,0,4.92
14,Nishihara,JP,2019-11-09 22:14:14,35.74,139.53,55.4,87,1,3.36
15,Port Alfred,ZA,2019-11-09 22:14:14,-33.59,26.89,66.0,85,99,7.0
16,Buluang,PH,2019-11-09 22:14:14,10.47,123.98,80.6,74,75,8.05
17,Punta Arenas,CL,2019-11-09 22:14:14,-53.16,-70.91,48.2,49,0,10.29
18,Kysyl-Syr,RU,2019-11-09 22:14:14,63.9,122.77,-0.21,94,100,10.65
19,Ketchikan,US,2019-11-09 22:14:15,55.34,-131.65,51.8,93,90,19.46
20,Srednekolymsk,RU,2019-11-09 22:14:15,67.46,153.71,-0.46,96,100,8.86
21,Avarua,CK,2019-11-09 22:10:35,-21.21,-159.78,78.8,74,23,11.41
22,Port Keats,AU,2019-11-09 22:14:15,-14.25,129.55,81.82,76,85,9.42
23,Hilo,US,2019-11-09 22:10:39,19.71,-155.08,86.0,58,20,8.05
24,Iskateley,RU,2019-11-09 22:14:16,67.68,53.15,1.98,94,0,6.31
25,Mataura,NZ,2019-11-09 22:10:33,-46.19,168.86,50.0,87,100,5.01
26,Ushuaia,AR,2019-11-09 22:14:16,-54.81,-68.31,44.6,52,40,4.7
27,Batagay-Alyta,RU,2019-11-09 22:14:16,67.8,130.41,-18.01,83,70,3.98
28,Kopanskaya,RU,2019-11-09 22:14:16,46.28,38.48,52.83,83,0,8.28
29,Karratha,AU,2019-11-09 22:14:17,-20.74,116.85,79.86,53,22,12.08
30,Geraldton,CA,2019-11-09 22:14:17,49.72,-86.95,21.2,79,90,3.36
31,La Ronge,CA,2019-11-09 22:14:17,55.1,-105.3,12.2,61,75,10.29
32,Kalaleh,IR,2019-11-09 22:14:17,37.38,55.49,46.4,70,0,2.24
33,Labuan,BN,2019-11-09 22:14:18,5.28,115.24,78.8,83,75,3.36
34,Tuktoyaktuk,CA,2019-11-09 22:14:18,69.44,-133.03,5.0,71,5,21.92
35,Tasiilaq,GL,2019-11-09 22:14:18,65.61,-37.64,35.6,69,96,33.33
36,Paidha,UG,2019-11-09 22:14:19,2.42,30.99,64.69,86,100,4.92
37,Hithadhoo,MV,2019-11-09 22:11:00,-0.6,73.08,81.05,79,65,8.19
38,Marathon,CA,2019-11-09 22:14:19,48.72,-86.38,23.0,92,90,2.24
39,Prince Rupert,CA,2019-11-09 22:14:19,54.32,-130.32,51.8,87,90,6.93
40,Nioro,GM,2019-11-09 22:14:19,13.79,-15.05,87.4,19,0,9.04
41,Kieta,PG,2019-11-09 22:14:20,-6.22,155.63,79.43,77,100,2.84
42,Cape Town,ZA,2019-11-09 22:10:33,-33.93,18.42,66.99,68,0,8.05
43,Kruisfontein,ZA,2019-11-09 22:12:57,-34.0,24.73,60.82,75,88,17.38
44,Shelburne,CA,2019-11-09 22:10:12,44.08,-80.2,37.0,64,90,11.41
45,Sangar,RU,2019-11-09 22:14:21,63.92,127.47,-4.26,75,100,11.77
46,Mahebourg,MU,2019-11-09 22:14:21,-20.41,57.7,70.0,88,20,5.82
47,Bilma,NE,2019-11-09 22:11:46,18.69,12.92,76.08,13,0,5.97
48,Itarema,BR,2019-11-09 22:14:22,-2.92,-39.92,79.77,71,64,11.56
49,Severo-Kurilsk,RU,2019-11-09 22:14:22,50.68,156.12,30.99,85,87,25.86
50,Vaini,IN,2019-11-09 22:14:22,15.34,74.49,66.36,86,0,2.62
51,Georgetown,GY,2019-11-09 22:12:44,6.8,-58.16,86.0,74,75,13.87
52,Bakchar,RU,2019-11-09 22:14:22,57.02,82.07,10.54,71,0,4.41
53,Hobart,AU,2019-11-09 22:14:23,-42.88,147.33,57.0,50,40,17.22
54,Vostok,RU,2019-11-09 22:14:23,46.45,135.83,12.51,74,0,5.53
55,Chiredzi,ZW,2019-11-09 22:14:23,-21.05,31.67,75.45,69,100,8.01
56,Hennebont,FR,2019-11-09 22:14:23,47.81,-3.27,50.0,87,40,6.93
57,Dikson,RU,2019-11-09 22:14:23,73.51,80.55,2.88,96,100,7.29
58,Beringovskiy,RU,2019-11-09 22:14:24,63.05,179.32,26.15,95,100,12.35
59,San Patricio,PY,2019-11-09 22:14:24,-26.98,-56.83,82.83,70,96,9.44
60,Alekseyevskoye,RU,2019-11-09 22:14:24,45.2,43.58,52.63,80,100,7.11
61,New Norfolk,AU,2019-11-09 22:14:24,-42.78,147.06,57.0,50,40,17.22
62,Kirakira,SB,2019-11-09 22:14:24,-10.46,161.92,78.64,74,38,2.53
63,Grindavik,IS,2019-11-09 22:14:25,63.84,-22.43,41.0,86,75,3.36
64,Kaitangata,NZ,2019-11-09 22:14:25,-46.28,169.85,50.0,91,100,8.99
65,Nikolskoye,RU,2019-11-09 22:14:25,59.7,30.79,39.2,93,90,6.71
66,Lalibela,ET,2019-11-09 22:14:25,12.04,39.05,58.46,49,87,5.7
67,Iqaluit,CA,2019-11-09 22:14:25,63.75,-68.52,3.2,77,75,9.17
68,Ca Mau,VN,2019-11-09 22:14:26,9.18,105.15,72.7,86,92,2.39
69,Bluff,AU,2019-11-09 22:14:26,-23.58,149.07,67.46,18,0,11.16
70,Ulladulla,AU,2019-11-09 22:14:26,-35.36,150.48,64.0,41,75,16.11
71,Clovis,US,2019-11-09 22:14:26,36.83,-119.7,80.6,29,1,3.36
72,Grand Gaube,MU,2019-11-09 22:14:26,-20.01,57.66,70.0,88,20,5.82
73,Bambanglipuro,ID,2019-11-09 22:14:27,-7.95,110.28,72.84,92,32,1.3
74,Puerto Ayora,EC,2019-11-09 22:11:23,-0.74,-90.35,78.8,65,40,16.11
75,Busselton,AU,2019-11-09 22:14:27,-33.64,115.35,68.0,64,5,15.82
76,Skegness,GB,2019-11-09 22:14:27,53.14,0.34,44.6,70,94,9.17
77,Luba,PH,2019-11-09 22:14:02,17.32,120.7,74.19,81,59,3.6
78,Lowestoft,GB,2019-11-09 22:14:28,52.48,1.75,44.01,100,1,4.7
79,Ocala,US,2019-11-09 22:14:28,29.19,-82.14,70.0,68,20,9.17
80,Chillicothe,US,2019-11-09 22:14:28,39.33,-82.98,44.6,51,1,3.36
81,Kodiak,US,2019-11-09 22:14:29,39.95,-94.76,68.0,34,1,10.29
82,Carnarvon,ZA,2019-11-09 22:14:29,-30.97,22.13,67.35,29,100,11.45
83,Tynda,RU,2019-11-09 22:14:29,55.15,124.74,1.13,97,100,2.17
84,Annonay,FR,2019-11-09 22:14:29,45.24,4.67,42.01,86,36,5.82
85,Gandajika,CD,2019-11-09 22:14:29,-6.75,23.95,69.94,93,59,1.95
86,Upernavik,GL,2019-11-09 22:11:09,72.79,-56.15,11.17,78,13,8.99
87,Rundu,NA,2019-11-09 22:14:30,-17.91,19.77,78.8,44,100,4.7
88,Matagami,NG,2019-11-09 22:14:30,9.67,8.4,74.21,53,100,3.38
89,Kuloy,RU,2019-11-09 22:14:30,61.03,42.49,31.89,94,100,7.11
90,Luganville,VU,2019-11-09 22:14:30,-15.51,167.18,80.6,78,20,5.82
91,Aripuana,BR,2019-11-09 22:14:31,-9.17,-60.63,90.75,50,98,2.01
92,Hermanus,ZA,2019-11-09 22:14:31,-34.42,19.24,64.99,90,63,5.99
93,Butaritari,KI,2019-11-09 22:14:31,3.07,172.79,83.75,65,56,2.39
94,Uusikaupunki,FI,2019-11-09 22:14:31,60.8,21.41,42.01,100,90,4.7
95,Torbay,CA,2019-11-09 22:14:31,47.66,-52.73,36.0,59,75,34.45
96,Touros,BR,2019-11-09 22:14:32,-5.2,-35.46,78.8,78,20,9.17
97,Vizinga,RU,2019-11-09 22:14:32,61.08,50.08,18.73,96,100,4.34
98,Swellendam,ZA,2019-11-09 22:14:32,-34.02,20.44,62.6,72,64,16.11
99,Komsomolskiy,RU,2019-11-09 22:12:59,67.55,63.78,-4.76,100,54,0.98
100,Bejar,AL,2019-11-09 22:14:33,40.49,19.83,54.01,85,97,7.76
101,Tahoua,NE,2019-11-09 22:14:33,14.89,5.26,85.06,12,0,6.8
102,Lebu,ET,2019-11-09 22:14:33,8.96,38.73,59.0,54,20,6.93
103,Ponta Delgada,PT,2019-11-09 22:14:34,37.73,-25.67,63.0,82,20,5.82
104,Derzhavinsk,KZ,2019-11-09 22:14:34,51.1,66.31,22.23,89,99,18.7
105,Saint George,GR,2019-11-09 22:14:34,39.45,22.34,51.8,93,76,4.7
106,Naze,NG,2019-11-09 22:13:29,5.43,7.07,73.4,100,75,4.14
107,Nicoya,CR,2019-11-09 22:14:34,10.15,-85.45,86.0,62,40,13.87
108,Khatanga,RU,2019-11-09 22:14:35,71.98,102.47,-1.81,96,100,14.76
109,Saskylakh,RU,2019-11-09 22:14:35,71.97,114.09,-2.08,97,100,8.12
110,Cherskiy,RU,2019-11-09 22:11:05,68.75,161.3,-1.92,88,0,0.56
111,Pangnirtung,CA,2019-11-09 22:14:35,66.15,-65.72,20.19,71,100,7.9
112,Kattivakkam,IN,2019-11-09 22:14:36,13.22,80.32,82.0,88,20,1.97
113,Hayden,US,2019-11-09 22:14:36,47.77,-116.79,50.0,66,90,4.7
114,Tuatapere,NZ,2019-11-09 22:14:36,-46.13,167.69,50.0,87,100,5.01
115,Burns Lake,CA,2019-11-09 22:14:36,54.23,-125.76,40.21,91,100,4.25
116,College Place,US,2019-11-09 22:14:36,46.05,-118.39,61.0,41,75,3.36
117,Zhigansk,RU,2019-11-09 22:14:37,66.77,123.37,6.98,93,100,19.37
118,Flin Flon,CA,2019-11-09 22:14:37,54.77,-101.88,10.4,72,75,12.75
119,Ust-Barguzin,RU,2019-11-09 22:14:37,53.41,109.03,35.13,79,92,7.52
120,Onalaska,US,2019-11-09 22:14:37,43.88,-91.23,42.01,65,90,4.7
121,Dingle,PH,2019-11-09 22:14:37,11.0,122.67,72.95,86,3,1.61
122,Longyearbyen,NO,2019-11-09 22:11:32,78.22,15.63,26.6,63,75,18.34
123,Iraucuba,BR,2019-11-09 22:14:38,-3.75,-39.78,88.52,40,41,7.63
124,Chuy,UY,2019-11-09 22:14:38,-33.69,-53.46,65.19,84,100,12.64
125,Paramonga,PE,2019-11-09 22:14:38,-10.68,-77.82,62.31,91,69,11.5
126,Keelung,TW,2019-11-09 22:12:05,25.13,121.74,64.99,82,75,6.93
127,Grants Pass,US,2019-11-09 22:14:39,42.44,-123.33,64.99,44,1,1.66
128,Rawson,AR,2019-11-09 22:14:39,-43.3,-65.11,51.66,80,25,21.05
129,Ribeira Grande,PT,2019-11-09 22:11:40,38.52,-28.7,60.8,82,20,3.36
130,Norman Wells,CA,2019-11-09 22:14:40,65.28,-126.83,5.0,77,20,3.36
131,Sitka,US,2019-11-09 22:10:55,37.17,-99.65,80.01,13,0,8.01
132,Tashla,RU,2019-11-09 22:14:40,53.71,49.75,30.2,80,75,6.71
133,Jamestown,AU,2019-11-09 22:13:22,-33.21,138.6,47.52,83,0,2.8
134,Cabo San Lucas,MX,2019-11-09 22:13:27,22.89,-109.91,89.01,54,75,9.17
135,Isangel,VU,2019-11-09 22:14:41,-19.55,169.27,77.0,78,75,11.41
136,Vestmanna,FO,2019-11-09 22:14:41,62.16,-7.17,35.6,74,100,1.12
137,General Pico,AR,2019-11-09 22:14:41,-35.66,-63.75,80.83,42,22,10.31
138,Remedios,CO,2019-11-09 22:14:41,7.03,-74.7,76.93,83,100,0.78
139,Taltal,CL,2019-11-09 22:14:42,-25.41,-70.49,62.83,69,100,6.87
140,Pochutla,MX,2019-11-09 22:14:42,15.74,-96.47,89.01,89,20,6.93
141,Phalombe,MW,2019-11-09 22:14:42,-15.81,35.65,70.39,77,98,9.95
142,Yellowknife,CA,2019-11-09 22:12:58,62.45,-114.38,-4.01,70,75,6.93
143,Praia Da Vitoria,PT,2019-11-09 22:14:42,38.73,-27.07,60.8,93,0,6.69
144,Lulea,SE,2019-11-09 22:14:43,65.58,22.15,10.4,92,100,11.41
145,Marzuq,YE,2019-11-09 22:14:43,14.4,46.47,66.42,60,0,3.87
146,Hami,CN,2019-11-09 22:14:43,42.84,93.51,31.78,34,0,1.07
147,Sfantu Gheorghe,RO,2019-11-09 22:14:43,44.65,26.83,61.0,93,0,4.7
148,Rabat,MA,2019-11-09 22:11:16,34.02,-6.83,53.01,93,68,3.36
149,Mayor Pablo Lagerenza,PY,2019-11-09 22:14:44,-19.93,-60.77,98.24,29,100,8.23
150,Lincoln,GB,2019-11-09 22:14:44,53.23,-0.54,43.0,86,100,4.7
151,Lompoc,US,2019-11-09 22:13:16,34.64,-120.46,89.01,56,1,9.17
152,Salinopolis,BR,2019-11-09 22:14:44,-0.61,-47.36,82.2,78,100,13.56
153,Labuhan,ID,2019-11-09 22:14:44,-2.54,115.51,72.63,95,100,1.41
154,Bethel,US,2019-11-09 22:14:45,60.79,-161.76,28.4,85,40,12.75
155,Burgeo,CA,2019-11-09 22:14:45,47.61,-57.61,35.29,58,26,30.09
156,Thinadhoo,MV,2019-11-09 22:11:04,0.53,72.93,81.32,78,76,8.66
157,San Alberto,PY,2019-11-09 22:14:46,-24.98,-54.91,87.8,58,75,3.36
158,San Matias,BO,2019-11-09 22:14:46,-16.36,-58.4,87.82,52,14,10.36
159,Taoudenni,ML,2019-11-09 22:13:21,22.68,-3.98,73.15,18,0,12.53
160,Boyolangu,ID,2019-11-09 22:14:46,-8.09,111.9,73.4,92,65,4.03
161,Ouahigouya,BF,2019-11-09 22:14:47,13.58,-2.42,88.38,19,0,6.02
162,Tiarei,PF,2019-11-09 22:14:47,-17.53,-149.33,82.4,74,75,10.29
163,Mazagao,BR,2019-11-09 22:14:47,-0.12,-51.29,86.0,74,20,9.17
164,Chipinge,ZW,2019-11-09 22:14:47,-20.19,32.62,67.35,86,100,5.44
165,Qianan,CN,2019-11-09 22:14:48,44.99,124.06,39.9,82,100,11.72
166,Najran,SA,2019-11-09 22:14:48,17.54,44.22,66.2,32,0,1.54
167,Parrita,CR,2019-11-09 22:14:48,9.52,-84.33,78.8,64,75,11.41
168,Margate,AU,2019-11-09 22:14:48,-43.03,147.26,57.0,50,40,17.22
169,Saint-Philippe,CA,2019-11-09 22:14:48,45.36,-73.48,37.0,55,75,8.05
170,Svetlogorsk,RU,2019-11-09 22:14:49,53.14,59.15,6.8,92,0,2.24
171,Sinnamary,GF,2019-11-09 22:10:34,5.38,-52.96,82.36,80,0,12.41
172,Mahibadhoo,MV,2019-11-09 22:11:37,3.78,72.97,82.35,74,95,7.81
173,Zhangzhou,CN,2019-11-09 22:14:49,24.51,117.65,62.6,55,0,2.24
174,Udachnyy,RU,2019-11-09 22:14:50,66.42,112.4,-5.81,83,90,6.71
175,Fort-Shevchenko,KZ,2019-11-09 22:14:50,44.51,50.26,51.87,41,31,12.48
176,Wamba,CD,2019-11-09 22:14:50,2.14,27.99,68.04,92,10,3.24
177,Pangoa,PE,2019-11-09 22:14:50,-12.12,-73.0,82.09,81,100,2.01
178,Atuona,PF,2019-11-09 22:14:51,-9.8,-139.03,79.77,75,0,12.39
179,Roald,NO,2019-11-09 22:14:51,62.58,6.12,28.4,74,0,12.75
180,Smithers,CA,2019-11-09 22:14:51,54.78,-127.17,48.2,81,75,3.36
181,Bilibino,RU,2019-11-09 22:14:51,68.06,166.44,0.36,59,0,2.73
182,Padang,ID,2019-11-09 22:14:51,-0.92,100.36,67.06,95,81,1.52
183,Ust-Nera,RU,2019-11-09 22:11:43,64.57,143.24,-5.52,96,97,7.02
184,Yatou,CM,2019-11-09 22:13:00,3.63,9.81,80.6,88,75,3.36
185,Ahipara,NZ,2019-11-09 22:14:52,-35.17,173.16,71.01,100,100,4.0
186,Bhilwara,IN,2019-11-09 22:14:52,25.35,74.64,71.19,55,62,5.75
187,Miri,NG,2019-11-09 22:14:52,10.31,9.75,79.52,38,90,1.7
188,Pevek,RU,2019-11-09 22:14:53,69.7,170.27,4.78,80,0,4.59
189,Pismo Beach,US,2019-11-09 22:11:25,35.14,-120.64,89.01,68,1,5.82
190,Manali,IN,2019-11-09 22:14:53,32.25,77.19,41.99,27,0,8.32
191,Port-Gentil,GA,2019-11-09 22:14:53,-0.72,8.78,77.0,88,20,4.7
192,Flinders,AU,2019-11-09 22:14:53,-34.58,150.85,68.0,41,75,16.11
193,Sokoto,NG,2019-11-09 22:14:54,13.06,5.24,82.92,19,0,3.47
194,Saint-Marc,HT,2019-11-09 22:14:54,19.1,-72.7,78.33,77,40,5.12
195,Yulara,AU,2019-11-09 22:14:54,-25.24,130.99,62.6,25,0,6.93
196,Rocha,UY,2019-11-09 22:14:54,-34.48,-54.34,62.92,78,33,13.27
197,Lavrentiya,RU,2019-11-09 22:14:55,65.58,-170.99,34.68,97,100,6.76
198,Kulhudhuffushi,MV,2019-11-09 22:14:55,6.62,73.07,81.99,67,0,4.47
199,San Cristobal,HN,2019-11-09 22:14:55,14.68,-86.92,78.46,66,45,9.24
200,Barra Patuca,HN,2019-11-09 22:14:55,15.8,-84.28,82.65,77,0,15.32
201,Arraial Do Cabo,BR,2019-11-09 22:11:06,-22.97,-42.02,77.0,83,75,13.87
202,Faanui,PF,2019-11-09 22:14:56,-16.48,-151.75,81.0,81,72,19.48
203,Nanakuli,US,2019-11-09 22:14:56,21.39,-158.15,86.0,57,40,3.36
204,Namibe,AO,2019-11-09 22:14:56,-15.19,12.15,77.79,74,0,6.17
205,Paamiut,GL,2019-11-09 22:14:56,61.99,-49.67,34.18,83,100,19.04
206,Meulaboh,ID,2019-11-09 22:14:57,4.14,96.13,81.19,75,85,5.79
207,Karmala,IN,2019-11-09 22:14:57,18.41,75.19,71.87,71,0,3.04
208,Ambilobe,MG,2019-11-09 22:14:57,-13.19,49.05,76.78,76,84,10.13
209,Dawlatabad,AF,2019-11-09 22:14:57,36.41,64.91,45.73,43,0,0.25
210,Souillac,FR,2019-11-09 22:10:55,45.6,-0.6,46.4,87,75,6.93
211,Hirara,JP,2019-11-09 22:14:58,24.8,125.28,68.0,64,75,5.82
212,Rondonopolis,BR,2019-11-09 22:14:58,-16.46,-54.64,82.72,61,63,2.44
213,Ottawa,CA,2019-11-09 22:13:28,45.42,-75.69,34.0,90,90,11.41
214,Cayenne,GF,2019-11-09 22:11:12,4.94,-52.33,84.2,74,20,5.82
215,Houma,CN,2019-11-09 22:14:59,35.63,111.36,43.47,68,0,6.71
216,Boulder City,US,2019-11-09 22:14:59,35.98,-114.83,78.8,9,1,8.05
217,Gramsh,AL,2019-11-09 22:14:59,40.87,20.19,57.45,74,85,5.7
218,Atar,MR,2019-11-09 22:15:00,20.52,-13.05,76.69,21,82,8.05
219,Mecca,SA,2019-11-09 22:13:43,21.43,39.83,80.31,53,0,4.29
220,Nanortalik,GL,2019-11-09 22:15:00,60.14,-45.24,38.26,70,100,68.25
221,Surgut,RU,2019-11-09 22:15:01,61.25,73.4,3.2,91,100,6.71
222,Ranot,TH,2019-11-09 22:15:01,7.78,100.32,81.82,71,88,3.78
223,Povenets,RU,2019-11-09 22:15:01,62.85,34.83,34.95,98,100,6.8
224,Port Lincoln,AU,2019-11-09 22:15:01,-34.72,135.86,51.26,82,0,2.28
225,Tiznit,MA,2019-11-09 22:15:01,29.7,-9.73,61.52,32,71,2.66
226,Chernyshevskiy,RU,2019-11-09 22:14:50,63.01,112.47,1.31,95,97,7.18
227,Kahului,US,2019-11-09 22:11:30,20.89,-156.47,84.2,66,20,12.75
228,Morelos,MX,2019-11-09 22:15:02,22.86,-102.61,71.6,40,75,4.7
229,Eureka,US,2019-11-09 22:14:27,40.8,-124.16,62.01,81,1,12.75
230,Port Hedland,AU,2019-11-09 22:15:02,-20.31,118.58,64.4,59,4,10.29
231,Kanasin,MX,2019-11-09 22:15:03,20.93,-89.57,82.99,65,40,6.93
232,Conceicao Do Araguaia,BR,2019-11-09 22:15:03,-8.26,-49.26,79.68,74,100,7.85
233,Kangaatsiaq,GL,2019-11-09 22:15:03,68.31,-53.46,35.46,54,100,26.28
234,Ilulissat,GL,2019-11-09 22:15:03,69.22,-51.1,35.6,31,100,20.8
235,Mpulungu,ZM,2019-11-09 22:15:03,-8.77,31.12,70.34,51,50,4.88
236,Chokurdakh,RU,2019-11-09 22:15:04,70.62,147.9,-7.32,97,99,5.7
237,Ternate,PH,2019-11-09 22:15:04,14.29,120.72,79.0,94,75,1.12
238,Saint-Joseph,FR,2019-11-09 22:14:32,43.56,6.97,51.8,93,18,3.36
239,Airai,TL,2019-11-09 22:11:36,-8.93,125.41,68.11,54,39,4.34
240,Svetlaya,RU,2019-11-09 22:15:04,46.54,138.33,30.67,53,0,15.55
241,Kalmar,SE,2019-11-09 22:15:05,56.66,16.36,43.0,100,90,8.05
242,Kinsale,IE,2019-11-09 22:15:05,51.71,-8.52,42.8,81,20,17.22
243,Coquimbo,CL,2019-11-09 22:15:05,-29.95,-71.34,60.8,72,20,11.41
244,Pangody,RU,2019-11-09 22:15:05,65.85,74.49,-8.52,100,68,6.4
245,Arenal,CO,2019-11-09 22:15:05,8.46,-73.94,81.68,91,100,1.5
246,Laguna,BZ,2019-11-09 22:11:36,16.17,-88.94,89.6,59,75,6.93
247,Vila Franca Do Campo,PT,2019-11-09 22:15:06,37.72,-25.43,63.0,82,20,5.82
248,Cananeia,BR,2019-11-09 22:15:06,-25.01,-47.93,71.51,94,98,4.74
249,Bud,NO,2019-11-09 22:15:06,62.91,6.91,28.4,73,0,12.75
250,Baykit,RU,2019-11-09 22:14:20,61.68,96.39,-11.58,89,100,7.99
251,Saint-Georges,CA,2019-11-09 22:10:54,46.12,-70.67,28.99,78,74,5.99
252,Thompson,CA,2019-11-09 22:15:07,55.74,-97.86,6.8,60,20,11.41
253,Klaksvik,FO,2019-11-09 22:15:07,62.23,-6.59,35.6,74,100,1.12
254,Gejiu,CN,2019-11-09 22:15:07,23.36,103.16,54.25,93,100,2.01
255,San Pedro,AR,2019-11-09 22:12:49,-33.68,-59.66,75.0,61,26,5.99
256,Vammala,FI,2019-11-09 22:15:08,61.34,22.91,39.2,100,90,4.7
257,Ewa Beach,US,2019-11-09 22:10:16,21.32,-158.01,86.0,58,1,6.93
258,Bubaque,GW,2019-11-09 22:14:43,11.28,-15.83,84.54,67,1,11.43
259,Pingliang,CN,2019-11-09 22:15:09,35.54,106.68,32.95,70,0,7.05
260,Pringsewu,ID,2019-11-09 22:15:09,-5.36,104.98,68.63,95,30,4.9
261,Sayyan,YE,2019-11-09 22:14:45,15.17,44.32,54.95,33,0,4.18
262,Husavik,CA,2019-11-09 22:15:09,50.56,-96.99,24.01,86,100,11.01
263,Kunda,EE,2019-11-09 22:15:09,59.5,26.52,42.13,96,100,6.53
264,Lata,IN,2019-11-09 22:15:10,30.78,78.62,23.79,45,0,4.05
265,Namatanai,PG,2019-11-09 22:15:10,-3.66,152.44,79.79,79,100,3.87
266,Ovalle,CL,2019-11-09 22:14:38,-30.6,-71.2,74.03,42,0,9.19
267,Lobito,AO,2019-11-09 22:15:10,-12.35,13.55,80.28,81,68,4.12
268,Perth,AU,2019-11-09 22:11:28,-31.95,115.86,68.0,77,75,12.75
269,Kasama,ZM,2019-11-09 22:15:11,-10.21,31.19,73.44,46,86,8.77
270,Cap-Aux-Meules,CA,2019-11-09 22:15:11,47.38,-61.86,33.8,55,75,23.04
271,Sosnovo-Ozerskoye,RU,2019-11-09 22:15:00,52.53,111.54,28.22,78,96,11.54
272,Manjeshwar,IN,2019-11-09 22:15:11,12.72,74.89,77.0,83,20,3.36
273,Hearst,CA,2019-11-09 22:10:26,49.69,-83.67,22.77,93,100,9.22
274,Robertson,AU,2019-11-09 22:14:16,-34.59,150.59,68.0,41,75,16.11
275,Livenka,RU,2019-11-09 22:15:12,50.74,40.23,44.13,79,42,9.01
276,Youkounkoun,GN,2019-11-09 22:15:12,12.53,-13.12,84.38,36,4,3.36
277,Omboue,GA,2019-11-09 22:15:13,-1.57,9.26,75.51,96,100,2.73
278,Fredericksburg,US,2019-11-09 22:15:13,38.3,-77.46,45.0,56,1,4.7
279,Mizdah,LY,2019-11-09 22:15:13,31.45,12.98,55.92,80,0,3.96
280,Moose Factory,CA,2019-11-09 22:14:00,51.26,-80.61,15.8,78,90,5.82
281,Kaeo,NZ,2019-11-09 22:15:14,-35.1,173.78,71.01,100,84,4.0
282,Ponta Do Sol,BR,2019-11-09 22:10:54,-20.63,-46.0,69.98,88,80,8.34
283,Chake Chake,TZ,2019-11-09 22:15:14,-5.25,39.77,81.84,79,4,13.22
284,Lukovetskiy,RU,2019-11-09 22:15:15,64.29,41.92,23.0,92,90,6.71
285,Ola,RU,2019-11-09 22:15:15,59.58,151.3,19.31,62,100,16.51
286,Eucaliptus,BO,2019-11-09 22:15:15,-17.6,-67.51,59.2,39,100,15.97
287,Waingapu,ID,2019-11-09 22:15:15,-9.65,120.26,81.59,74,20,6.2
288,Naryan-Mar,RU,2019-11-09 22:15:16,67.67,53.09,1.98,94,0,6.31
289,Tutoia,BR,2019-11-09 22:15:16,-2.76,-42.27,81.01,67,69,8.77
290,Mackay,CA,2019-11-09 22:15:16,53.65,-115.58,15.8,85,90,2.24
291,Diamantino,BR,2019-11-09 22:15:16,-14.4,-56.44,84.85,64,28,4.0
292,Gotsu,JP,2019-11-09 22:15:17,35.01,132.22,58.78,71,1,18.63
293,Adrar,DZ,2019-11-09 22:15:00,27.87,-0.29,59.0,28,0,12.75
294,Te Anau,NZ,2019-11-09 22:15:17,-45.41,167.72,43.12,95,100,5.1
295,Mayo,CA,2019-11-09 22:15:17,63.59,-135.9,-4.01,70,5,3.36
296,Esperance,AU,2019-11-09 22:15:18,-33.86,121.89,71.6,42,100,19.46
297,Aklavik,CA,2019-11-09 22:14:02,68.22,-135.01,6.8,65,20,10.29
298,Ughelli,NG,2019-11-09 22:15:18,5.49,6.0,78.01,92,98,3.11
299,Chulman,RU,2019-11-09 22:15:18,56.84,124.9,3.6,92,100,1.81
300,Lahat,ID,2019-11-09 22:15:19,-3.78,103.55,68.54,72,13,3.78
301,Sibu,MY,2019-11-09 22:15:19,2.29,111.83,71.6,100,75,2.24
302,Bandarbeyla,SO,2019-11-09 22:15:19,9.49,50.81,79.84,71,0,15.3
303,Koslan,RU,2019-11-09 22:15:19,63.46,48.9,14.61,94,93,3.89
304,Iralaya,HN,2019-11-09 22:15:20,15.0,-83.23,82.94,76,86,14.25
305,Tura,RU,2019-11-09 22:15:20,64.27,100.22,-7.95,98,100,1.99
306,Saint-Augustin,CA,2019-11-09 22:15:20,45.63,-73.98,36.0,64,90,13.87
307,Beloha,MG,2019-11-09 22:15:20,-25.17,45.06,68.49,89,62,6.22
308,Katsuura,JP,2019-11-09 22:15:21,33.93,134.5,57.2,58,40,12.75
309,Hofn,IS,2019-11-09 22:15:21,64.25,-15.21,45.63,75,100,26.26
310,Broome,GB,2019-11-09 22:15:21,52.47,1.45,44.01,100,47,4.7
311,Inirida,CO,2019-11-09 22:15:21,3.87,-67.92,84.74,73,100,1.77
312,Khilok,RU,2019-11-09 22:15:22,51.36,110.46,26.55,96,68,6.69
313,Iquitos,PE,2019-11-09 22:15:22,-3.75,-73.25,77.0,88,90,5.82
314,Kloulklubed,PW,2019-11-09 22:15:22,7.04,134.26,78.8,88,90,9.17
315,Kasongo-Lunda,CD,2019-11-09 22:15:22,-6.48,16.82,71.31,90,100,2.48
316,Ranong,TH,2019-11-09 22:15:22,9.96,98.62,77.0,100,20,8.43
317,Taunggyi,MM,2019-11-09 22:15:23,20.78,97.03,61.84,96,45,0.87
318,Chicama,PE,2019-11-09 22:15:23,-7.84,-79.15,66.2,77,20,11.41
319,Mar Del Plata,AR,2019-11-09 22:10:52,-46.43,-67.52,52.36,45,9,13.42
320,Dwarka,IN,2019-11-09 22:13:32,28.58,77.04,78.01,63,0,5.82
321,Vredendal,ZA,2019-11-09 22:15:24,-31.68,18.49,62.38,77,62,5.57
322,Xingcheng,CN,2019-11-09 22:15:24,40.62,120.71,53.96,81,100,9.66
323,Mount Gambier,AU,2019-11-09 22:15:24,-37.83,140.78,51.8,87,90,10.29
324,Rio Gallegos,AR,2019-11-09 22:15:24,-51.62,-69.22,50.0,39,0,17.22
325,Sungaipenuh,ID,2019-11-09 22:15:24,-2.08,101.38,61.61,94,85,0.85
326,Vao,EE,2019-11-09 22:15:25,59.1,26.19,41.49,98,100,4.85
327,Pacific Grove,US,2019-11-09 22:15:25,36.62,-121.92,79.0,67,40,5.82
328,Vaitape,PF,2019-11-09 22:15:25,-16.52,-151.75,81.0,81,72,19.48
329,Mbandaka,CD,2019-11-09 22:15:25,0.05,18.26,73.62,88,0,2.3
330,Conde,BR,2019-11-09 22:15:25,-11.81,-37.61,79.47,79,100,14.9
331,Shimoda,JP,2019-11-09 22:13:52,34.7,138.93,54.0,63,0,20.33
332,Alice Springs,AU,2019-11-09 22:15:26,-23.7,133.88,64.4,20,0,9.17
333,Tamale,GH,2019-11-09 22:15:26,9.4,-0.84,86.04,41,92,5.82
334,Bijie,CN,2019-11-09 22:15:26,27.3,105.3,48.63,97,100,4.36
335,Bosaso,SO,2019-11-09 22:15:27,11.28,49.18,81.66,70,0,16.98
336,Betafo,MG,2019-11-09 22:15:27,-19.84,46.86,60.87,78,42,2.44
337,Talladega,US,2019-11-09 22:15:27,33.44,-86.11,61.0,54,1,4.36
338,Tabory,PL,2019-11-09 22:15:27,53.89,19.53,46.99,90,100,5.99
339,Fortuna,US,2019-11-09 22:11:32,40.6,-124.16,62.01,81,1,11.41
340,Cidreira,BR,2019-11-09 22:15:28,-30.17,-50.22,71.08,86,100,23.42
341,Atherton,AU,2019-11-09 22:15:28,-17.27,145.48,82.99,56,56,11.41
342,Goya,AR,2019-11-09 22:15:28,-29.14,-59.27,83.05,66,89,11.81
343,Porto Murtinho,BR,2019-11-09 22:15:28,-21.7,-57.88,97.09,38,18,2.44
344,Vagur,FO,2019-11-09 22:15:29,61.47,-6.81,43.5,69,100,18.61
345,Quartucciu,IT,2019-11-09 22:15:29,39.25,9.18,53.6,81,20,8.05
346,Mehamn,NO,2019-11-09 22:15:29,71.03,27.85,17.08,91,18,7.25
347,Sambava,MG,2019-11-09 22:15:29,-14.27,50.17,72.0,95,79,0.81
348,Cap Malheureux,MU,2019-11-09 22:15:29,-19.98,57.61,70.0,88,20,5.82
349,Nortelandia,BR,2019-11-09 22:15:30,-14.45,-56.8,85.86,62,13,1.5
350,Victoria,BN,2019-11-09 22:15:30,5.28,115.24,78.8,83,75,3.36
351,Teya,MX,2019-11-09 22:15:30,21.05,-89.07,82.99,65,40,6.93
352,Brae,GB,2019-11-09 22:15:30,60.4,-1.35,42.8,74,0,11.41
353,Nchelenge,ZM,2019-11-09 22:15:30,-9.35,28.74,77.88,67,95,6.58
354,Joshimath,IN,2019-11-09 22:15:31,30.57,79.57,39.18,29,0,7.34
355,Wencheng,CN,2019-11-09 22:15:31,27.79,120.09,43.0,88,94,1.74
356,Santiago Del Estero,AR,2019-11-09 22:15:31,-27.8,-64.26,80.69,65,38,6.4
357,Inyonga,TZ,2019-11-09 22:15:31,-6.72,32.06,68.59,75,1,2.46
358,Bertoua,CM,2019-11-09 22:15:32,4.58,13.68,71.46,78,11,1.41
359,Lucapa,AO,2019-11-09 22:15:32,-8.42,20.74,68.32,93,100,1.57
360,Kavaratti,IN,2019-11-09 22:15:32,10.57,72.64,81.16,73,72,8.84
361,Vidim,CZ,2019-11-09 22:15:32,50.47,14.53,39.99,93,79,10.29
362,Siguiri,GN,2019-11-09 22:15:32,11.42,-9.17,86.95,41,99,6.55
363,Burnie,AU,2019-11-09 22:15:33,-41.05,145.91,59.0,74,100,5.99
364,Ilhabela,BR,2019-11-09 22:14:13,-23.78,-45.36,74.19,90,90,17.78
365,Rafai,CF,2019-11-09 22:15:33,4.95,23.92,70.3,96,99,1.77
366,Lodja,CD,2019-11-09 22:15:33,-3.52,23.6,72.05,85,100,1.52
367,Salalah,OM,2019-11-09 22:15:24,17.01,54.1,78.8,74,75,3.36
368,Kpandae,GH,2019-11-09 22:15:34,8.46,-0.01,81.37,62,13,3.18
369,Okhotsk,RU,2019-11-09 22:15:34,59.36,143.24,6.49,73,38,17.05
370,Baruun-Urt,MN,2019-11-09 22:15:34,46.68,113.28,31.24,56,26,14.72
371,Tretten,NO,2019-11-09 22:15:35,61.31,10.3,19.99,90,100,3.0
372,Clyde River,CA,2019-11-09 22:15:35,70.47,-68.59,17.6,85,90,26.4
373,East London,ZA,2019-11-09 22:15:36,-33.02,27.91,66.34,81,100,17.02
374,Alekseyevka,RU,2019-11-09 22:15:36,53.25,50.49,30.2,80,75,6.71
375,Richards Bay,ZA,2019-11-09 22:14:52,-28.77,32.06,69.17,74,67,10.87
376,Aykhal,RU,2019-11-09 22:15:26,65.95,111.51,-5.81,83,90,6.71
377,Mitsamiouli,KM,2019-11-09 22:15:36,-11.38,43.28,79.66,82,100,8.05
378,Nyurba,RU,2019-11-09 22:15:37,63.29,118.35,15.94,96,99,5.14
379,Lubao,CD,2019-11-09 22:15:37,-5.39,25.75,71.58,87,95,1.54
380,Bambous Virieux,MU,2019-11-09 22:15:37,-20.34,57.76,70.0,88,20,5.82
381,Quatre Cocos,MU,2019-11-09 22:15:37,-20.21,57.76,70.0,88,20,5.82
382,Sao Gabriel Da Cachoeira,BR,2019-11-09 22:15:38,-0.13,-67.09,89.46,61,83,1.21
383,Bangolo,CI,2019-11-09 22:15:38,7.01,-7.49,74.68,71,0,1.5
384,Antigonish,CA,2019-11-09 22:15:08,45.62,-61.99,34.0,63,1,5.82
385,Codrington,AU,2019-11-09 22:14:48,-28.95,153.24,64.99,82,90,6.93
386,Vardo,US,2019-11-09 22:15:38,39.62,-77.74,41.0,47,20,8.05
387,Mount Isa,AU,2019-11-09 22:15:39,-20.73,139.49,69.8,15,59,10.29
388,Bage,IN,2019-11-09 22:15:39,12.95,75.85,65.86,81,71,3.47
389,Aswan,EG,2019-11-09 22:15:39,24.09,32.9,77.0,38,0,9.17
390,Betsiamites,CA,2019-11-09 22:15:39,48.94,-68.65,26.6,62,75,5.82
391,Saldanha,PT,2019-11-09 22:15:39,41.42,-6.55,43.32,87,100,11.95
392,Riihimaki,FI,2019-11-09 22:15:40,60.74,24.78,42.01,100,75,4.7
393,Humaita,AR,2019-11-09 22:15:40,-24.93,-65.37,69.8,77,90,13.87
394,Zhezkazgan,KZ,2019-11-09 22:15:40,47.8,67.71,43.27,83,88,13.56
395,Mantua,IT,2019-11-09 22:15:40,45.16,10.79,48.0,100,21,4.7
396,Narsaq,GL,2019-11-09 22:15:41,60.91,-46.05,46.4,31,100,53.02
397,Jerome,US,2019-11-09 22:14:31,34.75,-112.11,77.0,15,1,3.36
398,Camacha,PT,2019-11-09 22:15:41,33.08,-16.33,66.2,68,40,12.75
399,Cody,US,2019-11-09 22:15:41,44.53,-109.06,66.2,16,1,3.36
400,Salamiyah,SY,2019-11-09 22:15:42,35.01,37.05,66.72,34,45,7.54
401,Santa Isabel Do Rio Negro,BR,2019-11-09 22:15:42,-0.41,-65.02,90.5,56,75,2.01
402,Sept-Iles,CA,2019-11-09 22:14:31,50.2,-66.38,23.0,62,75,9.17
403,Lerwick,GB,2019-11-09 22:15:42,60.15,-1.15,42.8,56,3,20.8
404,Dakoro,NE,2019-11-09 22:15:42,14.51,6.76,84.83,14,0,5.01
405,Karangasem,ID,2019-11-09 22:15:43,-6.7,108.49,81.7,62,9,3.76
406,Sakaiminato,JP,2019-11-09 22:15:43,35.55,133.23,51.8,87,75,1.12
407,Ahwa,IN,2019-11-09 22:15:43,20.76,73.69,73.67,86,12,2.46
408,Talnakh,RU,2019-11-09 22:15:43,69.49,88.39,-18.41,75,97,6.71
409,Luderitz,NA,2019-11-09 22:15:44,-26.65,15.16,60.8,87,0,9.17
410,Parabel,RU,2019-11-09 22:15:44,58.71,81.5,7.0,91,90,5.44
411,Rock Hill,US,2019-11-09 22:13:00,34.92,-81.03,50.0,39,1,1.83
412,Apt,FR,2019-11-09 22:15:44,43.88,5.4,45.0,100,0,2.24
413,Acapulco,MX,2019-11-09 22:15:44,16.86,-99.88,87.8,74,5,9.17
414,Rawalpindi,PK,2019-11-09 22:15:45,33.6,73.06,55.99,71,0,2.24
415,Tagusao,PH,2019-11-09 22:15:45,9.19,117.81,73.33,87,0,2.55
416,Dubbo,AU,2019-11-09 22:15:45,-32.25,148.6,59.0,44,0,12.75
417,Avera,US,2019-11-09 22:15:42,33.19,-82.53,57.2,34,1,3.36
418,Leningradskiy,RU,2019-11-09 22:15:35,69.38,178.42,19.54,58,22,6.49
419,Sydney Mines,CA,2019-11-09 22:15:46,46.24,-60.22,35.01,64,20,8.05
420,Sao Filipe,CV,2019-11-09 22:15:23,14.9,-24.5,73.74,85,100,20.47
421,Yaan,NG,2019-11-09 22:15:46,7.38,8.57,82.06,56,75,1.7
422,Ayorou,NE,2019-11-09 22:15:46,14.73,0.92,86.68,18,51,1.01
423,Champerico,MX,2019-11-09 22:15:47,16.38,-93.6,78.8,69,75,13.87
424,Deputatskiy,RU,2019-11-09 22:15:47,69.3,139.9,-17.38,100,93,1.34
425,Haines Junction,CA,2019-11-09 22:15:47,60.75,-137.51,2.59,92,0,7.4
426,Lagoa,PT,2019-11-09 22:15:47,37.14,-8.45,62.01,93,75,12.75
427,Sayat,TM,2019-11-09 22:15:47,38.78,63.88,35.6,55,0,4.7
428,Issoudun,FR,2019-11-09 22:15:48,46.95,1.99,46.4,87,90,17.22
429,Inhambane,MZ,2019-11-09 22:15:48,-23.87,35.38,74.59,81,100,12.64
430,Mirnyy,RU,2019-11-09 22:15:48,56.57,36.46,41.25,88,100,8.99
431,Saint Anthony,US,2019-11-09 22:13:52,43.97,-111.68,57.0,32,1,5.82
432,Sorland,NO,2019-11-09 22:15:48,67.67,12.69,32.85,64,22,17.63
433,Kununurra,AU,2019-11-09 22:15:49,-15.77,128.74,77.0,78,100,4.7
434,San Angelo,US,2019-11-09 22:12:31,31.46,-100.44,73.0,56,1,5.82
435,San Policarpo,PH,2019-11-09 22:15:49,12.18,125.51,76.21,85,0,5.32
436,Biltine,TD,2019-11-09 22:15:49,14.53,20.93,80.74,14,1,14.99
437,Atasu,KZ,2019-11-09 22:15:49,48.68,71.64,35.62,84,100,11.5
438,Pocoes,BR,2019-11-09 22:14:16,-14.53,-40.37,74.35,59,0,8.99
439,Boyabat,TR,2019-11-09 22:15:50,41.47,34.77,53.08,49,0,1.05
440,Boa Vista,BR,2019-11-09 22:15:50,2.82,-60.67,91.4,46,75,6.93
441,Mataram,ID,2019-11-09 22:15:51,-5.32,105.06,68.63,95,30,4.9
442,Itoman,JP,2019-11-09 22:15:51,26.12,127.67,68.0,60,75,4.7
443,Provideniya,RU,2019-11-09 22:15:18,64.42,-173.23,33.94,99,100,3.0
444,Bonthe,SL,2019-11-09 22:15:51,7.53,-12.5,80.58,78,1,5.21
445,Mogok,MM,2019-11-09 22:15:52,22.92,96.51,62.89,98,10,3.36
446,Barcelos,BR,2019-11-09 22:15:52,-0.97,-62.93,90.43,52,99,3.29
447,Skjervoy,NO,2019-11-09 22:15:52,70.03,20.97,28.65,51,0,6.78
448,Terrenate,MX,2019-11-09 22:15:52,28.79,-111.4,93.2,26,75,6.93
449,Coahuayana,MX,2019-11-09 22:15:53,18.62,-100.35,87.6,52,0,2.59
450,Tommot,RU,2019-11-09 22:15:53,58.97,126.27,10.74,96,92,1.88
451,Nome,US,2019-11-09 22:11:28,30.04,-94.42,68.0,28,1,3.36
452,Chauk,MM,2019-11-09 22:15:53,20.89,94.82,72.68,88,81,2.95
453,Henties Bay,NA,2019-11-09 22:15:53,-22.12,14.28,59.0,89,0,1.99
454,Kholmogory,RU,2019-11-09 22:15:54,64.23,41.65,23.0,92,90,6.71
455,Alyangula,AU,2019-11-09 22:15:54,-13.85,136.42,69.8,100,40,1.12
456,Taree,AU,2019-11-09 22:15:54,-31.91,152.46,64.4,31,0,9.17
457,Oussouye,SN,2019-11-09 22:15:54,12.49,-16.54,78.8,88,16,2.24
458,Butembo,CD,2019-11-09 22:15:54,0.12,29.29,61.56,91,100,3.29
459,Kazanskaya,RU,2019-11-09 22:15:55,45.41,40.44,51.93,80,63,9.89
460,Manubul,PH,2019-11-09 22:15:55,5.47,120.8,82.71,70,57,1.7
461,Pisco,PE,2019-11-09 22:15:55,-13.71,-76.2,71.6,30,0,17.22
462,Colac,AU,2019-11-09 22:15:55,-38.34,143.59,54.0,97,100,1.99
463,Kijang,KR,2019-11-09 22:15:09,35.24,129.21,42.8,70,6,4.7
464,Sioux Lookout,CA,2019-11-09 22:11:45,50.1,-91.92,24.8,73,90,11.41
465,Krasnoarmeysk,RU,2019-11-09 22:15:56,56.12,38.15,41.0,100,90,8.95
466,Chapais,CA,2019-11-09 22:15:56,49.78,-74.86,17.6,85,90,5.82
467,Hirna,ET,2019-11-09 22:15:56,9.22,41.1,59.31,48,4,0.74
468,El Alto,BO,2019-11-09 22:15:57,-16.5,-68.19,46.4,70,75,18.34
469,Tilichiki,RU,2019-11-09 22:15:57,60.47,166.1,34.21,97,100,24.47
470,Novyy Urengoy,RU,2019-11-09 22:15:57,66.08,76.63,-9.86,99,82,9.04
471,Kuytun,RU,2019-11-09 22:15:57,54.34,101.51,16.88,73,78,13.13
472,Etchoropo,MX,2019-11-09 22:15:57,26.77,-109.67,91.0,44,33,14.0
473,Karwar,IN,2019-11-09 22:15:58,14.8,74.13,75.25,84,0,5.26
474,Barsovo,RU,2019-11-09 22:15:58,61.17,73.17,5.0,84,100,6.71
475,Nova Granada,BR,2019-11-09 22:15:58,-20.53,-49.32,84.2,58,97,4.7
476,Samfya,ZM,2019-11-09 22:15:58,-11.37,29.56,81.57,33,91,10.87
477,Kiomboi,TZ,2019-11-09 22:15:59,-4.28,34.41,68.36,64,0,9.46
478,Banchory,GB,2019-11-09 22:15:59,57.05,-2.5,36.0,74,29,5.82
479,Marawi,PH,2019-11-09 22:15:59,8.0,124.29,73.99,92,0,5.01
480,Hambantota,LK,2019-11-09 22:15:59,6.12,81.12,75.2,100,40,2.24
481,Robertsport,LR,2019-11-09 22:15:59,6.75,-11.37,82.49,77,100,9.15
482,Vestmannaeyjar,IS,2019-11-09 22:16:00,63.44,-20.27,41.54,90,100,10.0
483,Buraydah,SA,2019-11-09 22:16:00,26.33,43.97,75.2,60,75,10.29
484,Loudi,CN,2019-11-09 22:16:00,27.73,112.0,57.72,62,100,2.8
485,Krasne,UA,2019-11-09 22:16:00,49.91,24.61,50.0,100,17,4.47
486,Birjand,IR,2019-11-09 22:16:00,32.86,59.22,42.8,26,40,0.4
487,Roznava,SK,2019-11-09 22:16:01,48.66,20.54,50.0,100,90,3.36
488,Zaidpur,IN,2019-11-09 22:14:27,26.83,81.33,66.2,88,0,4.5
489,Benghazi,LY,2019-11-09 22:16:01,32.12,20.07,74.43,42,59,15.1
490,Whyalla,AU,2019-11-09 22:16:01,-33.04,137.58,57.2,76,90,10.29
491,Piacabucu,BR,2019-11-09 22:16:01,-10.41,-36.43,77.85,76,15,9.69
492,Kavieng,PG,2019-11-09 22:16:02,-2.57,150.8,78.01,90,100,10.71
493,Carutapera,BR,2019-11-09 22:16:02,-1.2,-46.02,81.95,78,100,14.2
494,Roebourne,AU,2019-11-09 22:16:02,-20.77,117.15,77.5,29,22,14.43
495,Ciechanow,PL,2019-11-09 22:12:55,52.88,20.62,51.01,93,75,8.05
496,Honningsvag,NO,2019-11-09 22:16:03,70.98,25.97,29.52,68,0,10.45
497,Matay,EG,2019-11-09 22:16:03,28.42,30.79,67.21,50,0,10.25
498,Tondano,ID,2019-11-09 22:16:03,1.3,124.91,73.4,100,40,3.36
499,Urubamba,PE,2019-11-09 22:16:03,-13.31,-72.12,62.6,42,75,5.82
500,Porto Belo,BR,2019-11-09 22:16:04,-27.15,-48.54,79.0,83,75,10.29
501,Conceicao Do Coite,BR,2019-11-09 22:16:04,-11.56,-39.28,86.27,37,33,12.88
502,Buala,SB,2019-11-09 22:15:16,-8.15,159.59,81.48,77,55,1.72
503,Broken Hill,AU,2019-11-09 22:13:22,-31.97,141.45,53.6,62,0,12.75
504,North Bend,US,2019-11-09 22:16:05,43.41,-124.22,55.99,71,1,5.82
505,Linjiang,CN,2019-11-09 22:16:05,41.81,126.91,28.71,74,100,4.21
506,Romitan,UZ,2019-11-09 22:16:05,39.93,64.38,42.8,60,0,6.93
507,Letterkenny,IE,2019-11-09 22:16:06,54.95,-7.73,38.12,96,98,1.66
508,Puri,ID,2019-11-09 22:16:06,-7.54,112.45,76.55,79,22,2.68
509,Shirokiy,RU,2019-11-09 22:16:06,53.87,39.17,37.99,96,58,1.99
510,Alugan,PH,2019-11-09 22:16:06,12.22,125.48,76.21,85,0,5.32
511,Diffa,NE,2019-11-09 22:16:07,13.32,12.61,84.52,15,42,5.32
512,Fare,PF,2019-11-09 22:16:07,-16.7,-151.02,80.69,81,86,20.8
513,Voh,NC,2019-11-09 22:16:07,-20.95,164.69,72.97,66,69,2.51
514,Yar-Sale,RU,2019-11-09 22:16:07,66.83,70.83,-7.89,97,0,6.85
515,Tirano,IT,2019-11-09 22:16:08,46.22,10.17,42.01,91,91,3.13
516,Aasiaat,GL,2019-11-09 22:16:08,68.71,-52.87,28.11,59,100,12.95
517,Kamaishi,JP,2019-11-09 22:16:08,39.28,141.86,40.69,73,68,4.47
518,Slidell,US,2019-11-09 22:16:08,30.28,-89.78,66.2,44,1,4.7
519,Laishevo,RU,2019-11-09 22:16:09,55.4,49.55,28.4,79,90,6.71
520,Coos Bay,US,2019-11-09 22:16:09,43.37,-124.22,55.99,71,1,5.82
521,Sterling,US,2019-11-09 22:16:09,39.0,-77.4,43.0,48,1,5.82
522,Umm Kaddadah,SD,2019-11-09 22:16:09,13.6,26.69,78.98,16,11,11.81
523,Fort Frances,CA,2019-11-09 22:13:34,48.61,-93.4,28.99,79,90,6.93
524,Anadyr,RU,2019-11-09 22:16:10,64.73,177.51,24.8,79,75,4.47
525,Sistranda,NO,2019-11-09 22:16:10,63.73,8.83,25.0,85,20,9.17
526,Constitucion,MX,2019-11-09 22:16:10,23.99,-104.67,77.0,27,75,2.24
527,Tabou,CI,2019-11-09 22:16:10,4.42,-7.36,77.22,85,0,3.02
528,Springbok,ZA,2019-11-09 22:16:11,-29.67,17.88,55.98,55,14,7.49
529,Andros Town,BS,2019-11-09 22:16:11,24.73,-77.79,75.99,73,75,29.97
530,Fukue,JP,2019-11-09 22:16:11,35.03,136.69,57.2,54,20,12.75
531,Necochea,AR,2019-11-09 22:16:11,-38.55,-58.74,54.0,71,6,7.0
532,Maryborough,AU,2019-11-09 22:16:11,-25.54,152.7,64.81,24,0,7.61
533,Kaz,RU,2019-11-09 22:16:12,53.11,87.55,12.96,92,100,2.68
534,Vila Velha,BR,2019-11-09 22:13:10,-3.71,-38.6,86.0,74,87,11.41
535,Mango,CF,2019-11-09 22:16:12,4.65,22.36,69.84,96,99,2.98
536,Les Cayes,HT,2019-11-09 22:16:12,18.19,-73.75,83.16,72,0,9.15
537,Hamilton,CA,2019-11-09 22:14:52,43.26,-79.87,39.99,64,90,13.87
538,Kolpashevo,RU,2019-11-09 22:16:13,58.31,82.9,5.49,91,64,6.42
539,Chibuto,MZ,2019-11-09 22:16:14,-24.69,33.53,68.11,87,1,4.18
540,Hasaki,JP,2019-11-09 22:15:02,35.73,140.83,48.2,81,20,2.24
541,Kamenka,MD,2019-11-09 22:16:14,48.03,28.7,55.0,89,63,10.07
542,Lavumisa,ZA,2019-11-09 22:16:14,-27.31,31.88,68.0,82,100,3.36
543,Los Llanos De Aridane,ES,2019-11-09 22:16:15,28.66,-17.92,69.8,60,75,21.92
544,Kyabram,AU,2019-11-09 22:16:15,-36.31,145.05,57.0,65,0,11.01
545,Muros,ES,2019-11-09 22:16:15,42.77,-9.06,55.99,87,40,11.41
546,Wiarton,CA,2019-11-09 22:16:15,44.74,-81.13,35.01,74,90,14.99
547,Mana,NG,2019-11-09 22:16:15,13.03,5.27,83.5,18,0,7.0
548,Pandamatenga,BW,2019-11-09 22:16:16,-18.54,25.64,75.78,53,37,12.86
549,Balti,MD,2019-11-09 22:16:16,47.76,27.93,57.2,82,97,10.29
550,Cairns,AU,2019-11-09 22:13:06,-16.92,145.77,82.0,56,6,11.41
551,Banda Aceh,ID,2019-11-09 22:16:16,5.56,95.32,72.86,91,33,1.83
552,Huilong,CN,2019-11-09 22:16:16,31.15,106.5,55.87,89,86,1.92
553,Tekeli,KZ,2019-11-09 22:16:17,44.86,78.76,29.64,49,100,6.24
554,Muli,CN,2019-11-09 22:16:17,28.08,109.56,57.65,62,100,0.63
555,Koumac,NC,2019-11-09 22:16:17,-20.56,164.28,72.73,60,33,4.54
556,Emba,CY,2019-11-09 22:16:17,34.81,32.42,66.2,52,0,11.41
557,Del Rio,US,2019-11-09 22:15:41,29.36,-100.9,70.0,52,1,5.82
558,Nivala,FI,2019-11-09 22:16:18,63.93,24.96,25.0,94,100,5.82
559,Shingu,JP,2019-11-09 22:16:18,33.72,135.99,57.69,69,0,7.49
